n,sortTime,seqRuntime,p1Runtime,p3Runtime,p6Runtime,seqCounter,p1Counter,p3Counter,p6Counter,bckCounterSeq,bckCounterP1,bckCounterP3,bckCounterP6,bridgeCounterSeq,bridgeCounterP1,bridgeCounterP3,bridgeCounterP6
128000,21211162,2441160,2652938,2164761,2060014,127998,127999,42677,21383,0,0,0,0,0,0,5,20
128000,21433634,2743608,2941859,1982323,2103430,127998,127999,42677,21383,0,0,0,0,0,0,5,20
128000,22405601,2922299,2758324,1908744,2680998,127998,127999,42677,21383,0,0,0,0,0,0,5,20
128000,26156366,2442988,3096693,2630727,2239985,127998,127999,42677,21383,0,0,0,0,0,0,5,20
128000,27669614,1974736,2690230,2088988,2719296,127999,128000,42677,21383,1,1,0,0,0,0,5,20
128000,24020305,2455327,3017539,1926658,1706015,127998,127999,42677,21383,0,0,0,0,0,0,5,20
128000,21547155,2338607,2730264,1328800,1025255,127999,128000,42677,21383,1,1,0,0,0,0,5,20
128000,21451183,946283,1132377,913744,954784,127998,127999,42677,21383,0,0,0,0,0,0,5,20
128000,21551269,967763,1271399,842450,906158,127998,127999,42677,21383,0,0,0,0,0,0,5,20
128000,21376142,913104,1075434,875081,873710,127998,127999,42677,21383,0,0,0,0,0,0,5,20
256000,45323418,1895308,2211924,1638195,1918159,256000,256001,85346,42717,2,2,2,1,0,0,5,20
256000,46701483,1899147,2180938,1577504,2069429,255998,255999,85344,42716,0,0,0,0,0,0,5,20
256000,45197192,2151782,2291077,1579332,1891286,255998,255999,85344,42716,0,0,0,0,0,0,5,20
256000,45888281,1938998,2256437,1622016,2152604,255999,256000,85345,42717,1,1,1,1,0,0,5,20
256000,47168181,3464403,3660917,3973968,4134836,255998,255999,85344,42716,0,0,0,0,0,0,5,20
256000,45199660,3318891,3841253,5056805,5335216,255999,256000,85344,42716,1,1,0,0,0,0,5,20
256000,45166024,5429177,8912043,6417961,4490389,255999,256000,85344,42716,1,1,0,0,0,0,5,20
256000,44810745,3767400,7784053,6535779,5389051,256000,256001,85345,42717,2,2,1,1,0,0,5,20
256000,45320310,8221777,8058715,7297795,7264433,255998,255999,85344,42716,0,0,0,0,0,0,5,20
256000,46307175,7246336,7980293,5176176,6854771,255999,256000,85345,42717,1,1,1,1,0,0,5,20
512000,103159836,7757455,9048962,6773971,8212910,511998,511999,170677,85383,0,0,0,0,0,0,5,20
512000,98326507,7926182,15179008,9038177,8766805,512001,512002,170679,85384,3,3,2,1,0,0,5,20
512000,94547225,13270355,13508640,11029640,12392075,512002,512003,170679,85385,4,4,2,2,0,0,5,20
512000,96502127,8994670,11113089,10134085,7299440,512003,512004,170680,85385,5,5,3,2,0,0,5,20
512000,96969740,7757546,10554076,10758085,11715245,512002,512003,170680,85385,4,4,4,3,0,0,5,20
512000,94827921,11572932,10148435,8666721,12550383,511998,511999,170677,85383,0,0,0,0,0,0,5,20
512000,94152278,12108455,15787379,14926648,11391043,512001,512002,170678,85384,3,3,1,1,0,0,5,20
512000,99239430,12252596,11437200,9807781,8659956,512001,512002,170679,85385,3,3,3,3,0,0,5,20
512000,99906479,4970522,12287237,10422640,9114772,512007,512008,170682,85387,9,9,5,4,0,0,5,20
512000,98906179,12641053,12481832,13340917,13006844,512003,512004,170679,85385,5,5,2,2,0,0,5,20
1024000,202062906,25368116,25453851,16508995,15074719,1024027,1024028,341362,170730,29,29,18,14,0,0,5,20
1024000,200545362,24055038,22659972,16733387,14133554,1024021,1024022,341358,170725,23,23,14,9,0,0,5,20
1024000,202192971,27680583,21072780,12066593,17575838,1024023,1024024,341357,170723,25,25,13,7,0,0,5,20
1024000,202240683,14973719,26615660,15798986,18382733,1024026,1024027,341361,170728,28,28,18,13,0,0,5,20
1024000,204080875,15029201,28351929,20255830,18942569,1024028,1024029,341361,170728,30,30,17,12,0,0,5,20
1024000,200514925,25851450,27247612,17776282,19399121,1024026,1024027,341359,170726,28,28,15,10,0,0,5,20
1024000,207122088,13145592,17790906,17086563,12849541,1024021,1024022,341358,170725,23,23,14,9,0,0,5,20
1024000,200433852,20368803,28868350,63372169,20342571,1024019,1024020,341355,170724,21,21,12,9,0,0,5,20
1024000,213698906,28316373,24455378,14243967,15433196,1024031,1024032,341361,170727,33,33,17,11,0,0,5,20
1024000,209338948,22079753,23657441,22529268,21081372,1024017,1024018,341356,170724,19,19,12,8,0,0,5,20
2048000,420692483,47527390,35744782,27650237,28477241,2048193,2048194,682769,341454,195,195,93,72,0,0,5,20
2048000,433961833,33040385,35171693,28731247,33751308,2048197,2048198,682774,341450,199,199,98,67,0,0,5,20
2048000,421004346,35324973,29775603,29303148,33600678,2048174,2048175,682762,341442,176,176,85,60,0,0,5,20
2048000,418362742,18197553,38935711,30459380,30858258,2048226,2048227,682787,341461,228,228,110,79,0,0,5,20
2048000,419125765,20093410,30149711,36391815,33256093,2048199,2048200,682786,341462,201,201,109,79,0,0,5,20
2048000,422812091,37364879,31877937,20750315,26797458,2048184,2048185,682774,341455,186,186,97,72,0,0,5,20
2048000,421781606,42236460,43484490,28039410,28633410,2048194,2048195,682773,341450,196,196,97,67,0,0,5,20
2048000,415343160,43182360,38247300,22236480,32526810,2048205,2048206,682778,341451,207,207,101,69,0,0,5,20
2048000,431555130,35581500,33965460,31509450,30801420,2048190,2048191,682770,341448,192,192,94,66,0,0,5,20
2048000,412110540,69478470,32428710,29603610,29651130,2048211,2048212,682786,341458,213,213,109,75,0,0,5,20
4096000,874461240,67460490,52471530,34834680,54732870,4097341,4097342,1365983,683170,1343,1343,639,455,0,0,5,20
4096000,877166730,69943050,46761930,40689180,48526290,4097238,4097239,1365960,683154,1240,1240,616,438,0,0,5,20
4096000,874990800,57389850,49092480,35830260,45152280,4097302,4097303,1365966,683142,1304,1304,623,426,0,0,5,20
4096000,859237380,70065360,77092740,41171040,72731880,4097281,4097282,1365959,683148,1283,1283,616,433,0,0,5,20
4096000,876567240,60876990,59162940,33198210,45754290,4097312,4097313,1365983,683174,1314,1314,639,458,0,0,5,20
4096000,868236570,70813080,68448960,47073870,59587110,4097320,4097321,1365989,683168,1322,1322,645,452,0,0,5,20
4096000,880592580,66734640,61738020,42564420,46708560,4097313,4097314,1365989,683185,1315,1315,645,469,0,0,5,20
4096000,855312480,67054680,56378880,38029140,64164150,4097289,4097290,1365968,683163,1291,1291,625,448,0,0,5,20
4096000,859985010,60377220,49040730,39169980,48717900,4097278,4097279,1365973,683174,1280,1280,629,458,0,0,5,20
4096000,857119770,74679210,68366160,54827460,53260470,4097365,4097366,1365996,683176,1367,1367,653,461,0,0,5,20
8192000,1814340870,129912570,117280890,131350950,78721560,8200793,8200794,2734884,1368337,8795,8795,4208,2955,0,0,5,20
8192000,1835486391,116378909,107083687,125201112,76235522,8200724,8200725,2734863,1368283,8726,8726,4186,2900,0,0,5,20
8192000,1880515104,99508367,109229917,100847993,84436518,8200843,8200844,2734879,1368280,8845,8845,4203,2897,0,0,5,20
8192000,1817882493,71592151,99823712,92220670,68833833,8200694,8200695,2734865,1368301,8696,8696,4188,2918,0,0,5,20
8192000,1832856675,121486179,119478015,96514680,81709297,8200792,8200793,2734865,1368297,8794,8794,4189,2915,0,0,5,20
8192000,1846377420,142258236,123697247,98071437,78434369,8200876,8200877,2734946,1368406,8878,8878,4270,3024,0,0,5,20
8192000,1833416145,126464775,101041232,95111765,88326450,8200694,8200695,2734825,1368323,8696,8696,4148,2940,0,0,5,20
8192000,1868472690,126588342,99217917,133762230,85819552,8200794,8200795,2734925,1368428,8796,8796,4249,3046,0,0,5,20
8192000,1808659710,78607620,97939440,76199310,78753960,8200873,8200874,2734913,1368387,8875,8875,4237,3004,0,0,5,20
8192000,1819919160,120377790,100975410,105404490,115501680,8200735,8200736,2734828,1368308,8737,8737,4152,2926,0,0,5,20
16384000,3761239500,318256470,246481920,167588640,272694780,16440984,16440985,5488422,2749588,56986,56986,27078,18873,0,0,5,20
16384000,3811805460,253318410,229337010,173397420,200553390,16440270,16440271,5488056,2749396,56272,56272,26713,18681,0,0,5,20
16384000,3787580565,250804699,234748068,175180135,225415727,16440629,16440630,5488352,2749491,56631,56631,27009,18776,0,0,5,20
16384000,3838756666,230530938,253775874,150830584,189974010,16440191,16440192,5488026,2749241,56193,56193,26683,18526,0,0,5,20
16384000,3842142093,302378009,245133072,173024137,230610830,16440796,16440797,5488453,2749642,56798,56798,27109,18926,0,0,5,20
16384000,3857826770,295510140,242028000,167278950,157798440,16440832,16440833,5488457,2749584,56834,56834,27114,18869,0,0,5,20
16384000,3795459030,286723620,306960930,165619260,279053280,16440563,16440564,5488202,2749416,56565,56565,26859,18700,0,0,5,20
16384000,3783139920,197111790,221626440,174308940,164765160,16440696,16440697,5488310,2749426,56698,56698,26967,18711,0,0,5,20
16384000,3798000090,297836460,248093370,145060290,222492060,16440650,16440651,5488286,2749487,56652,56652,26943,18771,0,0,5,20
16384000,3810220705,276675868,246822021,171397626,190844895,16440488,16440489,5488141,2749449,56490,56490,26797,18733,0,0,5,20
32768000,7975003754,721583245,444529618,304600106,436136293,33116382,33116383,11087325,5574837,348384,348384,164648,113454,0,0,5,20
32768000,8005239574,540496620,443890440,316455120,356233410,33115866,33115867,11087106,5574552,347868,347868,164429,113169,0,0,5,20
32768000,7988718953,627556093,427583171,319274749,351491631,33116157,33116158,11087490,5575185,348159,348159,164814,113803,0,0,5,20
32768000,7970476283,604478673,456709965,463612543,323626177,33115722,33115723,11087081,5574528,347724,347724,164405,113146,0,0,5,20
32768000,7925919189,560090340,430714620,342496530,382851360,33116034,33116035,11087143,5574695,348036,348036,164467,113313,0,0,5,20
32768000,7822370790,443766330,462002850,250461180,428551120,33116843,33116844,11087493,5574734,348845,348845,164816,113351,0,0,5,20
32768000,8146078148,573157270,422161070,335119706,381190677,33115972,33115973,11087162,5574985,347974,347974,164485,113602,0,0,5,20
32768000,7940669578,389543850,420806340,296885880,321261840,33116119,33116120,11087228,5574432,348121,348121,164552,113049,0,0,5,20
32768000,7986862080,668787930,345064950,400615380,292932990,33115556,33115557,11086839,5574086,347558,347558,164163,112704,0,0,5,20
32768000,7905880430,525638088,356719916,349569001,580472992,33116344,33116345,11087604,5574877,348346,348346,164927,113493,0,0,5,20
65536000,16408127455,1089159840,694348470,1388394810,687440340,67526910,67526911,22780650,11554407,1990912,1990912,935307,631692,0,0,5,20
65536000,16741275625,1499098386,1382635796,627571350,925801830,67527884,67527885,22780608,11555061,1991886,1991886,935264,632345,0,0,5,20
65536000,16293716028,685994285,872235126,801331621,746374184,67526795,67526796,22781591,11555696,1990797,1990797,936248,632981,0,0,5,20
65536000,16596401138,722466884,783516607,985054746,865614209,67524689,67524690,22779093,11554456,1988691,1988691,933749,631740,0,0,5,20
65536000,16302385696,1201544746,2487282373,825265620,819506250,67528307,67528308,22781051,11554541,1992309,1992309,935707,631826,0,0,5,20
65536000,16528776399,940258530,909725310,729351990,795707910,67524242,67524243,22779465,11554132,1988244,1988244,934122,631417,0,0,5,20
65536000,16420945519,4450001310,813018690,603681210,709687800,67525131,67525132,22779476,11554194,1989133,1989133,934132,631478,0,0,5,20
65536000,16749116423,1317733797,1207391040,558080820,844258050,67528847,67528848,22781007,11555150,1992849,1992849,935663,632434,0,0,5,20
65536000,16417223370,1020030390,890908020,560585070,782428410,67528406,67528407,22780812,11555318,1992408,1992408,935469,632602,0,0,5,20
65536000,16848942418,856628190,945489690,1026426240,688778640,67526174,67526175,22779988,11554679,1990176,1990176,934645,631962,0,0,5,20
