n        ,hullSize ,sortTime    ,seqRuntime ,p1Runtime ,p3Runtime ,p6Runtime ,seqCounter ,p1Counter ,p3Counter ,p6Counter ,bckCounterSeq ,bckCounterP1 ,bckCounterP3 ,bckCounterP6 ,bridgeCounterSeq ,bridgeCounterP1 ,bridgeCounterP3 ,bridgeCounterP6
128000   ,18       ,23093194    ,1932117    ,1478468   ,1158697   ,1216443   ,255980     ,255981    ,85375     ,42857     ,127982        ,127982       ,42652        ,21320        ,0                ,0               ,5               ,14
128000   ,16       ,23214322    ,1392728    ,2468365   ,1213578   ,1126452   ,255982     ,255983    ,85367     ,42832     ,127984        ,127984       ,42655        ,21323        ,0                ,0               ,5               ,15
128000   ,16       ,23396613    ,2010559    ,2115978   ,1605509   ,1453985   ,255982     ,255983    ,85377     ,42879     ,127984        ,127984       ,42651        ,21321        ,0                ,0               ,5               ,16
256000   ,20       ,46800617    ,4397617    ,3947017   ,2069505   ,2021461   ,511978     ,511979    ,170683    ,85448     ,255980        ,255980       ,85320        ,42656        ,0                ,0               ,3               ,11
256000   ,17       ,46326919    ,3862571    ,3508706   ,1962698   ,1934611   ,511981     ,511982    ,170709    ,85437     ,255983        ,255983       ,85317        ,42656        ,0                ,0               ,5               ,10
256000   ,18       ,46616570    ,3726661    ,4089949   ,2626633   ,2040863   ,511980     ,511981    ,170702    ,85505     ,255982        ,255982       ,85318        ,42654        ,0                ,0               ,5               ,14
512000   ,17       ,97743199    ,7569367    ,7406848   ,3932697   ,2689922   ,1023981    ,1023982   ,341377    ,170804    ,511983        ,511983       ,170651       ,85321        ,0                ,0               ,5               ,12
512000   ,17       ,98468112    ,6729240    ,6978147   ,3071689   ,2675971   ,1023981    ,1023982   ,341383    ,170782    ,511983        ,511983       ,170658       ,85323        ,0                ,0               ,5               ,9
512000   ,22       ,97103195    ,8459848    ,7225020   ,3306459   ,2596883   ,1023976    ,1023977   ,341386    ,170863    ,511978        ,511978       ,170651       ,85322        ,0                ,0               ,5               ,14
1024000  ,18       ,207116980   ,14672336   ,13731131  ,5271745   ,4971284   ,2047980    ,2047981   ,682715    ,341481    ,1023982       ,1023982      ,341315       ,170651       ,0                ,0               ,5               ,10
1024000  ,19       ,205397181   ,12110471   ,13731223  ,6176547   ,4807286   ,2047979    ,2047980   ,682684    ,341482    ,1023981       ,1023981      ,341319       ,170653       ,0                ,0               ,3               ,13
1024000  ,15       ,204504206   ,12175145   ,17042210  ,5516031   ,4701774   ,2047983    ,2047984   ,682717    ,341491    ,1023985       ,1023985      ,341317       ,170653       ,0                ,0               ,5               ,9
2048000  ,20       ,425511048   ,25946282   ,25133411  ,10708595  ,8977063   ,4095978    ,4095979   ,1365356   ,682758    ,2047980       ,2047980      ,682650       ,341318       ,0                ,0               ,3               ,8
2048000  ,26       ,429507126   ,23942284   ,25346376  ,12936092  ,7906509   ,4095972    ,4095973   ,1365359   ,682863    ,2047974       ,2047974      ,682647       ,341319       ,0                ,0               ,3               ,13
2048000  ,24       ,427110551   ,23637295   ,27203009  ,13330424  ,8885410   ,4095974    ,4095975   ,1365375   ,682896    ,2047976       ,2047976      ,682649       ,341316       ,0                ,0               ,5               ,15
4096000  ,20       ,909322005   ,49569257   ,43296345  ,25024757  ,14649792  ,8191978    ,8191979   ,2730702   ,1365459   ,4095980       ,4095980      ,1365318      ,682652       ,0                ,0               ,5               ,10
4096000  ,22       ,891237513   ,46972652   ,54998809  ,19691849  ,16521761  ,8191976    ,8191977   ,2730714   ,1365513   ,4095978       ,4095978      ,1365318      ,682650       ,0                ,0               ,5               ,12
4096000  ,24       ,900555321   ,45552760   ,48254601  ,19178422  ,14137752  ,8191974    ,8191975   ,2730718   ,1365581   ,4095976       ,4095976      ,1365315      ,682654       ,0                ,0               ,5               ,17
8192000  ,15       ,1879964544  ,100090897  ,92773868  ,40126046  ,34019153  ,16383983   ,16383984  ,5461357   ,2730779   ,8191985       ,8191985      ,2730652      ,1365320      ,0                ,0               ,3               ,8
8192000  ,17       ,1944076589  ,109870820  ,105246546 ,39722082  ,27253380  ,16383981   ,16383982  ,5461359   ,2730877   ,8191983       ,8191983      ,2730649      ,1365315      ,0                ,0               ,3               ,13
8192000  ,21       ,1864300303  ,107213755  ,94733773  ,40302648  ,20503787  ,16383977   ,16383978  ,5461361   ,2730771   ,8191979       ,8191979      ,2730648      ,1365316      ,0                ,0               ,3               ,6
16384000 ,25       ,3985643481  ,182185282  ,303358736 ,83257602  ,53204022  ,32767973   ,32767974  ,10922688  ,5461503   ,16383975      ,16383975     ,5461316      ,2730650      ,0                ,0               ,3               ,11
16384000 ,18       ,3964042290  ,181553127  ,194719268 ,81167769  ,61973005  ,32767980   ,32767981  ,10922734  ,5461581   ,16383982      ,16383982     ,5461314      ,2730649      ,0                ,0               ,5               ,13
