n,hullSize,sortTime,seqRuntime,p1Runtime,p3Runtime,p6Runtime,seqCounter,p1Counter,p3Counter,p6Counter,bckCounterSeq,bckCounterP1,bckCounterP3,bckCounterP6,bridgeCounterSeq,bridgeCounterP1,bridgeCounterP3,bridgeCounterP6
85,128000,23647488,1393899,1477999,632600,471800,255913,255914,85349,42831,127915,127915,42644,21319,0,0,5,20
92,128000,23494588,1426699,1499499,591300,453000,255906,255907,85349,42822,127908,127908,42646,21319,0,0,5,20
93,128000,23835388,1397299,1511999,558800,499299,255905,255906,85360,42861,127907,127907,42640,21314,0,0,5,20
104,256000,49869074,3031399,3029998,1145700,917699,511894,511895,170684,85517,255896,255896,85303,42646,0,0,5,20
97,256000,50104775,2854598,2870899,1397399,933399,511901,511902,170679,85514,255903,255903,85301,42650,0,0,5,20
116,256000,50794174,2783599,3014598,1285700,986100,511882,511883,170681,85523,255884,255884,85305,42648,0,0,5,20
129,512000,104922046,5861497,6809596,2774799,1828799,1023869,1023870,341349,170846,511871,511871,170634,85313,0,0,5,20
135,512000,105750446,5959197,5981696,2309599,1548899,1023863,1023864,341340,170860,511865,511865,170633,85312,0,0,5,20
136,512000,104406446,5871797,5760997,2303899,1553699,1023862,1023863,341342,170862,511864,511864,170629,85312,0,0,5,20
186,1024000,219011824,11722268,12002367,4246089,3041992,2047812,2047813,682657,341494,1023814,1023814,341285,170639,0,0,5,20
166,1024000,226462788,11620769,11729768,4104589,2959792,2047832,2047833,682668,341541,1023834,1023834,341294,170641,0,0,5,20
180,1024000,219426806,11924268,12362667,5101286,3287391,2047818,2047819,682673,341509,1023820,1023820,341290,170642,0,0,5,20
199,2048000,460634438,22998136,23152036,7846379,5716084,4095799,4095800,1365334,682837,2047801,2047801,682621,341305,0,0,5,20
202,2048000,462319213,23510135,23065536,8347577,5808884,4095796,4095797,1365332,682858,2047798,2047798,682622,341306,0,0,5,20
207,2048000,462272266,24997849,23177039,8004948,5640434,4095791,4095792,1365346,682858,2047793,2047793,682623,341309,0,0,5,20
279,4096000,965884926,46669076,46551675,17251102,11199166,8191719,8191720,2730663,1365518,4095721,4095721,1365277,682635,0,0,5,20
282,4096000,966295333,46503771,47066174,17330501,11220165,8191716,8191717,2730667,1365522,4095718,4095718,1365277,682633,0,0,5,20
264,4096000,975987448,46263985,45734887,16651958,11289472,8191734,8191735,2730661,1365531,4095736,4095736,1365275,682633,0,0,5,20
336,8192000,2000835774,93799453,93112455,34963208,19760048,16383662,16383663,5461313,2730879,8191664,8191664,2730591,1365288,0,0,5,20
338,8192000,1996546112,94369157,94669059,31766020,21265781,16383660,16383661,5461314,2730869,8191662,8191662,2730593,1365288,0,0,5,20
337,8192000,2006914170,94081387,93931188,32419326,19273255,16383661,16383662,5461311,2730857,8191663,8191663,2730604,1365294,0,0,5,20
445,16384000,4181050961,184667403,199278743,75581843,39520328,32767553,32767554,10922629,5461507,16383555,16383555,5461246,2730619,0,0,5,20
422,16384000,4229395570,193642820,198481507,76789609,43947991,32767576,32767577,10922633,5461535,16383578,16383578,5461242,2730618,0,0,5,20
424,16384000,4244173944,185437579,187960662,71929531,42426701,32767574,32767575,10922627,5461528,16383576,16383576,5461241,2730618,0,0,5,20
541,32768000,8758402452,370879551,384109501,133651184,83689203,65535457,65535458,21845280,10922857,32767459,32767459,10922559,5461273,0,0,5,20
543,32768000,8738378721,372349303,375077276,126683792,77461095,65535455,65535456,21845280,10922837,32767457,32767457,10922564,5461274,0,0,5,20
545,32768000,8764058459,371810244,387385288,139985170,75881422,65535453,65535454,21845288,10922923,32767455,32767455,10922555,5461270,0,0,5,20
676,65536000,18120703968,746135699,745516411,271647227,153227077,131071322,131071323,43690585,21845532,65535324,65535324,21845202,10922598,0,0,5,20
663,65536000,18131717467,748111254,746534214,290340630,148502034,131071335,131071336,43690597,21845515,65535337,65535337,21845206,10922595,0,0,5,20
697,65536000,18135458043,743143973,755301873,283453089,152973774,131071301,131071302,43690571,21845500,65535303,65535303,21845189,10922588,0,0,5,20
