n,hullSize,sortTime,seqRuntime,p1Runtime,p3Runtime,p6Runtime,seqCounter,p1Counter,p3Counter,p6Counter,bckCounterSeq,bckCounterP1,bckCounterP3,bckCounterP6,bridgeCounterSeq,bridgeCounterP1,bridgeCounterP3,bridgeCounterP6
32000,32000,4821120,252810,170640,330120,309960,31998,31999,10677,5383,0,0,0,0,0,0,5,20
32000,32000,5146020,104940,173970,365040,374040,31998,31999,10677,5383,0,0,0,0,0,0,5,20
32000,32000,5587560,149310,214200,230400,249390,31998,31999,10677,5383,0,0,0,0,0,0,5,20
32000,32000,5147550,120510,217170,230490,290070,31998,31999,10677,5383,0,0,0,0,0,0,5,20
32000,32000,5144850,119610,195210,181530,176040,31998,31999,10677,5383,0,0,0,0,0,0,5,20
32000,32000,4714830,193680,309420,267390,234540,31998,31999,10677,5383,0,0,0,0,0,0,5,20
32000,32000,5147550,119160,240660,296640,311760,31998,31999,10677,5383,0,0,0,0,0,0,5,20
32000,32000,5450400,134820,197190,176580,167760,31998,31999,10677,5383,0,0,0,0,0,0,5,20
32000,32000,4835790,107100,173250,117720,122580,31998,31999,10677,5383,0,0,0,0,0,0,5,20
32000,32000,4682970,110970,181980,200880,271620,31998,31999,10677,5383,0,0,0,0,0,0,5,20
32000,32000,4981860,135270,194490,192960,191610,31998,31999,10677,5383,0,0,0,0,0,0,5,20
32000,32000,4833900,132750,214650,177030,170820,31998,31999,10677,5383,0,0,0,0,0,0,5,20
32000,32000,4692330,110790,175590,161280,281160,31998,31999,10677,5383,0,0,0,0,0,0,5,20
32000,32000,4977990,123300,205830,239850,210510,31998,31999,10677,5383,0,0,0,0,0,0,5,20
32000,32000,5119650,182790,300330,246600,210960,31998,31999,10677,5383,0,0,0,0,0,0,5,20
32000,32000,4942170,163710,256230,269910,202950,31998,31999,10677,5383,0,0,0,0,0,0,5,20
32000,32000,4962150,122220,204390,198810,215280,31998,31999,10677,5383,0,0,0,0,0,0,5,20
32000,32000,4933800,127350,261090,219690,186030,31998,31999,10677,5383,0,0,0,0,0,0,5,20
32000,32000,4947840,118620,243720,183780,238500,31998,31999,10677,5383,0,0,0,0,0,0,5,20
32000,32000,5068980,272970,347310,265680,267480,31998,31999,10677,5383,0,0,0,0,0,0,5,20
32000,32000,6045480,150570,353610,174600,230400,31998,31999,10677,5383,0,0,0,0,0,0,5,20
32000,32000,5134770,122580,201330,188460,191340,31998,31999,10677,5383,0,0,0,0,0,0,5,20
32000,32000,5038380,119070,191250,171180,145530,31998,31999,10677,5383,0,0,0,0,0,0,5,20
32000,32000,5083380,117630,215280,161730,180000,31998,31999,10677,5383,0,0,0,0,0,0,5,20
32000,32000,5663070,125730,218520,160200,185670,31998,31999,10677,5383,0,0,0,0,0,0,5,20
64000,63999,11646090,266310,330930,290880,223200,63999,64000,21345,10717,1,1,1,1,0,0,5,20
64000,64000,10218870,205650,310860,225450,226530,63998,63999,21344,10716,0,0,0,0,0,0,5,20
64000,64000,10159020,209610,300780,268200,205740,63998,63999,21344,10716,0,0,0,0,0,0,5,20
64000,64000,9934650,239220,315090,212940,263610,63998,63999,21344,10716,0,0,0,0,0,0,5,20
64000,64000,10028970,290070,332100,235710,234000,63998,63999,21344,10716,0,0,0,0,0,0,5,20
64000,64000,10047600,219240,316080,260280,234270,63998,63999,21344,10716,0,0,0,0,0,0,5,20
64000,64000,10206990,262170,317970,268740,288990,63998,63999,21344,10716,0,0,0,0,0,0,5,20
64000,64000,10862820,229140,334350,259290,279450,63998,63999,21344,10716,0,0,0,0,0,0,5,20
64000,64000,10203120,206640,299880,250470,319590,63998,63999,21344,10716,0,0,0,0,0,0,5,20
64000,64000,9861030,206820,296100,234000,244800,63998,63999,21344,10716,0,0,0,0,0,0,5,20
64000,64000,10100970,218970,310230,278100,218160,63998,63999,21344,10716,0,0,0,0,0,0,5,20
64000,64000,10751040,204660,292680,221220,233550,63998,63999,21344,10716,0,0,0,0,0,0,5,20
64000,64000,10043640,222660,299160,231210,250110,63998,63999,21344,10716,0,0,0,0,0,0,5,20
64000,64000,9905130,205740,311310,228870,219960,63998,63999,21344,10716,0,0,0,0,0,0,5,20
64000,64000,10280520,371520,405450,218520,221400,63998,63999,21344,10716,0,0,0,0,0,0,5,20
64000,64000,9936540,209880,323190,301140,236430,63998,63999,21344,10716,0,0,0,0,0,0,5,20
64000,64000,9902610,221220,325260,307170,287190,63998,63999,21344,10716,0,0,0,0,0,0,5,20
64000,64000,10368180,218970,306090,309420,404280,63998,63999,21344,10716,0,0,0,0,0,0,5,20
64000,64000,10141470,208080,315270,298980,325710,63998,63999,21344,10716,0,0,0,0,0,0,5,20
64000,64000,10387170,209430,303120,237960,295830,63998,63999,21344,10716,0,0,0,0,0,0,5,20
64000,64000,10639890,205740,328950,259200,281070,63998,63999,21344,10716,0,0,0,0,0,0,5,20
64000,64000,10468800,227250,310770,239130,228420,63998,63999,21344,10716,0,0,0,0,0,0,5,20
64000,64000,10147770,208530,321390,228780,227070,63998,63999,21344,10716,0,0,0,0,0,0,5,20
64000,64000,9969210,222030,299070,222390,219420,63998,63999,21344,10716,0,0,0,0,0,0,5,20
64000,64000,10338750,222210,303390,239040,234450,63998,63999,21344,10716,0,0,0,0,0,0,5,20
128000,128000,21212640,423270,647370,417150,381420,127998,127999,42677,21383,0,0,0,0,0,0,5,20
128000,128000,22241970,441630,637110,406800,401040,127998,127999,42677,21383,0,0,0,0,0,0,5,20
128000,128000,21501450,466110,670410,521010,427860,127998,127999,42677,21383,0,0,0,0,0,0,5,20
128000,128000,21194550,418590,654030,418230,372330,127998,127999,42677,21383,0,0,0,0,0,0,5,20
128000,128000,21421170,473940,786870,625410,425160,127998,127999,42677,21383,0,0,0,0,0,0,5,20
128000,128000,21352680,407520,647640,527760,466920,127998,127999,42677,21383,0,0,0,0,0,0,5,20
128000,128000,21055770,458640,662670,408600,427410,127998,127999,42677,21383,0,0,0,0,0,0,5,20
128000,128000,21182130,440190,639900,421740,387180,127998,127999,42677,21383,0,0,0,0,0,0,5,20
128000,128000,22316490,409500,657000,397890,382860,127998,127999,42677,21383,0,0,0,0,0,0,5,20
128000,128000,21750210,412200,631440,412200,385020,127998,127999,42677,21383,0,0,0,0,0,0,5,20
128000,128000,21211740,409500,654660,409050,392940,127998,127999,42677,21383,0,0,0,0,0,0,5,20
128000,128000,21113100,410580,616140,407430,396180,127998,127999,42677,21383,0,0,0,0,0,0,5,20
128000,128000,21506310,412380,715590,419580,418410,127998,127999,42677,21383,0,0,0,0,0,0,5,20
128000,128000,20920050,411120,691380,467820,442350,127998,127999,42677,21383,0,0,0,0,0,0,5,20
128000,128000,20954250,438120,643950,516330,429930,127998,127999,42677,21383,0,0,0,0,0,0,5,20
128000,128000,21116250,436320,635670,415170,377370,127998,127999,42677,21383,0,0,0,0,0,0,5,20
128000,128000,21137940,416070,636570,393570,387180,127998,127999,42677,21383,0,0,0,0,0,0,5,20
128000,128000,21557070,452700,673740,392580,394650,127998,127999,42677,21383,0,0,0,0,0,0,5,20
128000,128000,20883870,407880,622170,382770,358650,127998,127999,42677,21383,0,0,0,0,0,0,5,20
128000,128000,21121380,417600,637830,438390,390870,127998,127999,42677,21383,0,0,0,0,0,0,5,20
128000,128000,21614940,410580,655200,402570,481230,127998,127999,42677,21383,0,0,0,0,0,0,5,20
128000,128000,21220380,431190,622620,505350,607950,127998,127999,42677,21383,0,0,0,0,0,0,5,20
128000,128000,21450060,450180,641070,480960,389610,127998,127999,42677,21383,0,0,0,0,0,0,5,20
128000,128000,22139820,490230,684990,536670,468180,127998,127999,42677,21383,0,0,0,0,0,0,5,20
128000,128000,21638520,415170,658890,403650,476910,127998,127999,42677,21383,0,0,0,0,0,0,5,20
256000,256000,44599590,811800,1308870,805770,681120,255998,255999,85344,42716,0,0,0,0,0,0,5,20
256000,255998,45184950,816750,1301760,872640,640800,256000,256001,85345,42717,2,2,2,2,0,0,5,20
256000,255999,45295830,846540,1349460,833670,689940,255999,256000,85344,42716,1,1,0,0,0,0,5,20
256000,256000,46152630,901260,1392930,834210,686250,255998,255999,85344,42716,0,0,0,0,0,0,5,20
256000,256000,44558730,827910,1407510,840780,641160,255998,255999,85344,42716,0,0,0,0,0,0,5,20
256000,256000,43917390,892890,1335150,1004760,665190,255998,255999,85344,42716,0,0,0,0,0,0,5,20
256000,255998,44785080,829260,1468890,1021500,784980,256000,256001,85346,42718,2,2,2,2,0,0,5,20
256000,256000,45740610,822870,1288530,814230,696330,255998,255999,85344,42716,0,0,0,0,0,0,5,20
256000,256000,44643960,819360,1279170,812700,685620,255998,255999,85344,42716,0,0,0,0,0,0,5,20
256000,256000,44294130,851490,1344060,818640,1147950,255998,255999,85344,42716,0,0,0,0,0,0,5,20
256000,255999,47541060,1148490,1704240,1106460,1570140,255999,256000,85344,42717,1,1,0,1,0,0,5,20
256000,256000,45208890,1240470,1752030,1811970,1298790,255998,255999,85344,42716,0,0,0,0,0,0,5,20
256000,256000,46329750,1253790,1624950,1752030,1472580,255998,255999,85344,42716,0,0,0,0,0,0,5,20
256000,255999,47469420,1404900,1723590,2054520,2304090,255999,256000,85344,42716,1,1,0,0,0,0,5,20
256000,255999,45141030,2157120,3274830,1704330,1476630,255999,256000,85345,42717,1,1,1,1,0,0,5,20
256000,256000,45952470,2044980,3262050,1542960,1590750,255998,255999,85344,42716,0,0,0,0,0,0,5,20
256000,256000,47270160,2583540,2754990,1383930,1763820,255998,255999,85344,42716,0,0,0,0,0,0,5,20
256000,255999,45401490,2070090,2984940,1305990,2510730,255999,256000,85345,42717,1,1,1,1,0,0,5,20
256000,255999,44699310,2625030,2651040,3020670,977490,255999,256000,85344,42716,1,1,0,0,0,0,5,20
256000,256000,44947980,2049300,1676520,1206000,1430820,255998,255999,85344,42716,0,0,0,0,0,0,5,20
256000,255999,45239940,2199330,3060090,1576710,2321010,255999,256000,85344,42716,1,1,0,0,0,0,5,20
256000,256000,45531810,2793150,3676680,2099430,3145410,255998,255999,85344,42716,0,0,0,0,0,0,5,20
256000,256000,57700260,2062980,2556990,1384650,1615140,255998,255999,85344,42716,0,0,0,0,0,0,5,20
256000,255999,52356420,2882160,2300310,2475270,3074580,255999,256000,85344,42716,1,1,0,0,0,0,5,20
256000,256000,51413580,2451060,3185190,2205270,2152620,255998,255999,85344,42716,0,0,0,0,0,0,5,20
512000,511999,99896130,3384180,5467140,2414340,2234430,511999,512000,170677,85383,1,1,0,0,0,0,5,20
512000,511998,97328610,3106800,4441770,2814930,2812320,512000,512001,170678,85384,2,2,1,1,0,0,5,20
512000,511993,97206660,4770180,4491540,2751030,2579760,512005,512006,170681,85385,7,7,4,2,0,0,5,20
512000,511998,101479050,3305700,5137560,2606760,3900330,512000,512001,170678,85384,2,2,1,1,0,0,5,20
512000,511994,103926870,4729770,4830120,2502450,3267810,512004,512005,170681,85385,6,6,4,2,0,0,5,20
512000,511997,96132420,3356010,5287950,2784330,3272940,512001,512002,170679,85384,3,3,2,1,0,0,5,20
512000,511996,94431960,4639230,4813290,2415960,2507220,512002,512003,170679,85385,4,4,2,2,0,0,5,20
512000,511994,94426110,3056220,5311710,2201940,3522060,512004,512005,170680,85385,6,6,4,2,0,0,5,20
512000,511996,94660020,4521060,3953610,2445120,3081060,512002,512003,170679,85384,4,4,3,1,0,0,5,20
512000,511998,99157140,3032820,5004720,2667060,4906260,512000,512001,170678,85384,2,2,2,2,0,0,5,20
512000,511995,99815940,4511610,4055310,3203910,2421900,512003,512004,170680,85385,5,5,3,2,0,0,5,20
512000,511998,94581630,3039120,4888260,2734110,3617190,512000,512001,170678,85384,2,2,1,1,0,0,5,20
512000,511995,96445440,4551660,4116420,2921760,2976210,512003,512004,170679,85385,5,5,2,2,0,0,5,20
512000,511994,94231980,3067830,3433770,2811330,2664450,512004,512005,170680,85386,6,6,4,4,0,0,5,20
512000,511997,93930930,2952990,4268160,3035610,3999960,512001,512002,170680,85386,3,3,3,3,0,0,5,20
512000,511997,93715740,4409550,5081310,2923650,2592090,512001,512002,170678,85384,3,3,1,1,0,0,5,20
512000,511999,100389600,3036690,4872330,2656350,3568500,511999,512000,170677,85383,1,1,0,0,0,0,5,20
512000,511998,139681170,5316660,4641930,2868390,3000780,512000,512001,170678,85384,2,2,1,1,0,0,5,20
512000,511997,100322190,3006540,5378130,2909160,2719890,512001,512002,170678,85384,3,3,1,1,0,0,5,20
512000,511999,94220370,4628160,4166010,3237210,3760560,511999,512000,170678,85384,1,1,1,1,0,0,5,20
512000,511997,94224870,2981430,5731830,3177000,2678220,512001,512002,170679,85385,3,3,2,2,0,0,5,20
512000,511998,94263300,2955330,5098320,3034080,3526200,512000,512001,170678,85384,2,2,1,1,0,0,5,20
512000,511995,94236120,4671360,4084560,2452140,2413260,512003,512004,170680,85385,5,5,4,3,0,0,5,20
512000,511993,94658400,3516480,5106690,2836170,3503160,512005,512006,170680,85386,7,7,3,3,0,0,5,20
512000,511993,93704400,4551660,4925160,3370680,2583180,512005,512006,170680,85386,7,7,3,3,0,0,5,20
1024000,1023980,201451140,5257890,10429470,5032350,4943430,1024018,1024019,341353,170723,20,20,9,7,0,0,5,20
1024000,1023970,199856160,5130630,7245270,4786920,5689710,1024028,1024029,341363,170731,30,30,19,15,0,0,5,20
1024000,1023965,197873370,6398820,7418430,4857210,7787970,1024033,1024034,341367,170731,35,35,23,15,0,0,5,20
1024000,1023970,197927190,3861180,7023060,5484690,5310720,1024028,1024029,341358,170724,30,30,14,8,0,0,5,20
1024000,1023965,199780830,5341320,9068490,4820040,6195690,1024033,1024034,341363,170731,35,35,20,16,0,0,5,20
1024000,1023981,202617630,7640100,8400330,5801130,7197660,1024017,1024018,341352,170724,19,19,8,9,0,0,5,20
1024000,1023974,205612740,5502240,9114300,4473900,5070150,1024024,1024025,341355,170725,26,26,11,10,0,0,5,20
1024000,1023967,208625670,5821740,9483210,5503140,5546160,1024031,1024032,341364,170728,33,33,21,12,0,0,5,20
1024000,1023978,208186470,10169730,8585550,4783050,5199480,1024020,1024021,341355,170724,22,22,11,8,0,0,5,20
1024000,1023976,207224190,5492970,10223100,5553360,5038020,1024022,1024023,341357,170725,24,24,14,10,0,0,5,20
1024000,1023967,201975210,9211500,7758090,4633830,4861530,1024031,1024032,341362,170731,33,33,18,15,0,0,5,20
1024000,1023972,206324190,5314410,9761580,5441040,6395400,1024026,1024027,341359,170727,28,28,16,12,0,0,5,20
1024000,1023980,203720850,6756120,6843510,4823820,6480900,1024018,1024019,341353,170721,20,20,9,5,0,0,5,20
1024000,1023971,197372880,5058720,7817130,5157990,5527620,1024027,1024028,341362,170725,29,29,18,9,0,0,5,20
1024000,1023975,253645650,4996890,9160740,4224420,4113270,1024023,1024024,341356,170726,25,25,13,11,0,0,5,20
1024000,1023979,196932150,5436270,9022050,5388120,5623470,1024019,1024020,341353,170725,21,21,9,9,0,0,5,20
1024000,1023968,197749080,6526260,7695810,4284630,4595940,1024030,1024031,341363,170730,32,32,19,14,0,0,5,20
1024000,1023976,208883520,5010930,10319940,6678090,7754310,1024022,1024023,341356,170723,24,24,12,7,0,0,5,20
1024000,1023967,211483980,7254000,7159680,5783940,7897770,1024031,1024032,341361,170730,33,33,17,14,0,0,5,20
1024000,1023973,202877730,5182650,8881380,4370310,4615200,1024025,1024026,341361,170730,27,27,17,14,0,0,5,20
1024000,1023969,207083880,5362020,10064340,6962760,7074360,1024029,1024030,341364,170732,31,31,20,16,0,0,5,20
1024000,1023976,199131390,7343730,9471330,6144390,8138430,1024022,1024023,341357,170726,24,24,14,11,0,0,5,20
1024000,1023976,216199350,4996620,9682470,4862250,4389210,1024022,1024023,341356,170724,24,24,12,8,0,0,5,20
1024000,1023969,222793830,5184990,10828080,4632120,5627250,1024029,1024030,341361,170727,31,31,17,11,0,0,5,20
1024000,1023980,200226240,9717120,6863760,5785470,7141950,1024018,1024019,341355,170722,20,20,12,7,0,0,5,20
2048000,2047808,419589810,9026820,15889860,8168940,8455410,2048190,2048191,682769,341454,192,192,92,72,0,0,5,20
2048000,2047835,425695590,9416790,16034400,10665270,11857050,2048163,2048164,682759,341442,165,165,82,59,0,0,5,20
2048000,2047826,421951590,17786070,15890220,9803340,10863630,2048172,2048173,682768,341447,174,174,91,64,0,0,5,20
2048000,2047826,424200420,10618560,14725890,9325890,8751420,2048172,2048173,682762,341441,174,174,86,59,0,0,5,20
2048000,2047806,416617020,10036440,20812410,10448190,10391580,2048192,2048193,682772,341445,194,194,96,63,0,0,5,20
2048000,2047807,415335600,17586270,13222530,7918650,9184770,2048191,2048192,682776,341451,193,193,100,69,0,0,5,20
2048000,2047814,424007370,9027360,15566850,8916750,8276760,2048184,2048185,682768,341445,186,186,91,62,0,0,5,20
2048000,2047802,428518122,18431853,13565191,8709698,8313389,2048196,2048197,682779,341464,198,198,102,81,0,0,5,20
2048000,2047813,437828968,10202194,22280145,9187578,12704800,2048185,2048186,682771,341454,187,187,95,72,0,0,5,20
2048000,2047817,447423276,11602324,13793382,9539582,9593556,2048181,2048182,682768,341453,183,183,92,71,0,0,5,20
2048000,2047835,452796824,10006855,16418955,10694811,8773622,2048163,2048164,682755,341441,165,165,79,59,0,0,5,20
2048000,2047808,448894745,18888895,13020758,10112738,11137773,2048190,2048191,682774,341444,192,192,97,62,0,0,5,20
2048000,2047811,440745061,9997656,23159403,10589492,15199333,2048187,2048188,682771,341451,189,189,95,68,0,0,5,20
2048000,2047813,436075146,10112925,15910286,10966933,11782831,2048185,2048186,682774,341458,187,187,98,76,0,0,5,20
2048000,2047838,434423638,10019715,16910258,10180323,8838203,2048160,2048161,682758,341445,162,162,82,63,0,0,5,20
2048000,2047777,434987595,9508043,16221926,10602258,9866148,2048221,2048222,682785,341457,223,223,108,74,0,0,5,20
2048000,2047817,431160329,11177197,13681868,8818115,8125748,2048181,2048182,682768,341442,183,183,92,59,0,0,5,20
2048000,2047837,433972510,11218311,24545922,12387996,13233181,2048161,2048162,682768,341447,163,163,92,65,0,0,5,20
2048000,2047811,429802439,11696849,13091628,8508446,9377378,2048187,2048188,682778,341456,189,189,101,73,0,0,5,20
2048000,2047820,436267950,9371653,18171370,7961573,8157756,2048178,2048179,682764,341440,180,180,87,58,0,0,5,20
2048000,2047813,434537406,17946557,14169229,9108260,7972274,2048185,2048186,682769,341448,187,187,93,65,0,0,5,20
2048000,2047820,437083096,9581447,16283316,9036733,13356804,2048178,2048179,682770,341454,180,180,94,72,0,0,5,20
2048000,2047805,432996850,11454389,14311343,8361407,8932096,2048193,2048194,682773,341452,195,195,96,70,0,0,5,20
2048000,2047825,456584297,9799461,17394497,9203450,8912883,2048173,2048174,682777,341454,175,175,100,71,0,0,5,20
2048000,2047816,454592107,20849474,14754468,9934843,11918165,2048182,2048183,682764,341448,184,184,88,66,0,0,5,20
4096000,4094716,968911801,18208951,33164914,19339591,26946549,4097282,4097283,1365989,683182,1284,1284,645,466,0,0,5,20
4096000,4094690,944223870,18600217,27320768,17693341,19446003,4097308,4097309,1366015,683178,1310,1310,671,462,0,0,5,20
4096000,4094738,950432974,17950702,27463835,16609307,20605807,4097260,4097261,1365955,683158,1262,1262,611,443,0,0,5,20
4096000,4094723,953044035,22645095,28001023,15469800,17402084,4097275,4097276,1365961,683159,1277,1277,618,444,0,0,5,20
4096000,4094628,931429747,17772999,37671740,15699425,15999825,4097370,4097371,1365992,683183,1372,1372,648,467,0,0,5,20
4096000,4094731,908028461,32252962,23148728,15233503,16905822,4097267,4097268,1365967,683170,1269,1269,624,455,0,0,5,20
4096000,4094642,895308281,17977766,34057591,15085609,22407547,4097356,4097357,1366004,683176,1358,1358,660,460,0,0,5,20
4096000,4094738,912096316,19689405,22696718,16833647,18532910,4097260,4097261,1365955,683155,1262,1262,611,439,0,0,5,20
4096000,4094642,881401768,24435221,25828810,20693066,17258692,4097356,4097357,1366019,683193,1358,1358,676,478,0,0,5,20
4096000,4094728,891034040,17422714,26821377,17203407,18013614,4097270,4097271,1365957,683153,1272,1272,614,438,0,0,5,20
4096000,4094707,879492367,16645237,25831653,15625533,15074515,4097291,4097292,1365970,683169,1293,1293,627,454,0,0,5,20
4096000,4094683,900862698,16978232,35532045,15450326,15138419,4097315,4097316,1365990,683159,1317,1317,647,444,0,0,5,20
4096000,4094614,899921842,32000487,22635381,16529349,22473468,4097384,4097385,1366011,683188,1386,1386,667,472,0,0,5,20
4096000,4094703,884813495,16729311,26300981,15465087,17915788,4097295,4097296,1365970,683168,1297,1297,627,453,0,0,5,20
4096000,4094660,889166090,18911160,32262570,17346150,15292080,4097338,4097339,1366005,683174,1340,1340,661,458,0,0,5,20
4096000,4094699,867624030,30558780,22540230,14358240,15367680,4097299,4097300,1365962,683180,1301,1301,618,464,0,0,5,20
4096000,4094690,862164000,16173270,33297120,14855130,14342040,4097308,4097309,1365972,683168,1310,1310,629,453,0,0,5,20
4096000,4094750,865198170,30236670,22263030,16988310,21175560,4097248,4097249,1365956,683136,1250,1250,613,421,0,0,5,20
4096000,4094717,870545700,17408250,26737200,16094250,16576740,4097281,4097282,1365971,683167,1283,1283,628,452,0,0,5,20
4096000,4094667,863432100,16379460,27052650,14525370,14079510,4097331,4097332,1366003,683201,1333,1333,660,486,0,0,5,20
4096000,4094710,862423200,32265450,21777030,15322410,15359310,4097288,4097289,1365968,683150,1290,1290,625,434,0,0,5,20
4096000,4094702,873499590,17386200,32879610,13744980,14850180,4097296,4097297,1365980,683149,1298,1298,637,434,0,0,5,20
4096000,4094688,887516614,31881507,22762033,16013593,23149859,4097310,4097311,1365991,683171,1312,1312,647,455,0,0,5,20
4096000,4094732,900050981,17089478,25626793,15305738,15212540,4097266,4097267,1365982,683168,1268,1268,638,452,0,0,5,20
4096000,4094611,903284516,22243187,34088745,15679090,14600030,4097387,4097388,1366014,683194,1389,1389,671,479,0,0,5,20
8192000,8183310,1881245626,48425898,68508819,32466935,44123389,8200688,8200689,2734849,1368298,8690,8690,4173,2916,0,0,5,20
8192000,8183123,1884200315,34710593,47476457,30204225,38790661,8200875,8200876,2734919,1368407,8877,8877,4242,3024,0,0,5,20
8192000,8183337,1900281163,34322733,51678978,31489425,29960272,8200661,8200662,2734804,1368283,8663,8663,4128,2901,0,0,5,20
8192000,8183400,1957297512,35872964,63049628,31874058,41682101,8200598,8200599,2734847,1368311,8600,8600,4170,2928,0,0,5,20
8192000,8183281,1969490703,37602651,45593502,29693698,29405272,8200717,8200718,2734845,1368315,8719,8719,4168,2932,0,0,5,20
8192000,8183236,1935708238,33280116,61838033,32094208,30080977,8200762,8200763,2734909,1368357,8764,8764,4232,2974,0,0,5,20
8192000,8183151,1889411465,50291445,51499685,32260006,37231844,8200847,8200848,2734893,1368352,8849,8849,4216,2970,0,0,5,20
8192000,8183208,1899325389,33581469,47196942,28516892,35773197,8200790,8200791,2734861,1368360,8792,8792,4184,2978,0,0,5,20
8192000,8183273,1897584297,33365735,50714926,28893863,37094191,8200725,8200726,2734819,1368306,8727,8727,4143,2924,0,0,5,20
8192000,8183227,1883673506,34471841,52986332,30357865,41595192,8200771,8200772,2734885,1368364,8773,8773,4209,2982,0,0,5,20
8192000,8183224,1871529790,32720995,52436882,35229848,33886100,8200774,8200775,2734896,1368419,8776,8776,4220,3037,0,0,5,20
8192000,8183261,1880725521,33034555,57091782,30064115,31185778,8200737,8200738,2734874,1368319,8739,8739,4198,2937,0,0,5,20
8192000,8183091,1886534478,31622458,58374765,29608802,30364941,8200907,8200908,2734973,1368394,8909,8909,4296,3011,0,0,5,20
8192000,8183179,1879281960,60135138,43624472,32392852,44582191,8200819,8200820,2734928,1368353,8821,8821,4251,2970,0,0,5,20
8192000,8183147,1873639196,32786856,57209925,29737068,34436512,8200851,8200852,2734904,1368351,8853,8853,4227,2969,0,0,5,20
8192000,8183210,1908400274,32620133,58550900,32679196,37400134,8200788,8200789,2734953,1368365,8790,8790,4277,2983,0,0,5,20
8192000,8183309,1891649617,33129646,52368898,30028365,30479749,8200689,8200690,2734965,1368445,8691,8691,4288,3062,0,0,5,20
8192000,8183184,1867916661,33585898,61646732,33089331,33530098,8200814,8200815,2734892,1368388,8816,8816,4215,3005,0,0,5,20
8192000,8183337,1889593080,61440978,45510995,31701102,29135087,8200661,8200662,2734835,1368302,8663,8663,4159,2920,0,0,5,20
8192000,8183192,1896952673,33236191,69960351,28259929,29694393,8200806,8200807,2734954,1368366,8808,8808,4277,2983,0,0,5,20
8192000,8183227,1911303209,68945931,53476033,31582376,29262815,8200771,8200772,2734863,1368398,8773,8773,4187,3016,0,0,5,20
8192000,8183114,1857171626,31443656,66448057,29582530,27827330,8200884,8200885,2734927,1368407,8886,8886,4251,3024,0,0,5,20
8192000,8183173,1889934186,59858227,43051400,31536814,43318286,8200825,8200826,2734976,1368398,8827,8827,4299,3015,0,0,5,20
8192000,8183216,1833074727,33436160,55470182,30143403,37040542,8200782,8200783,2734873,1368310,8784,8784,4197,2927,0,0,5,20
8192000,8183385,1851530550,36574663,62884557,28058202,29273842,8200613,8200614,2734780,1368326,8615,8615,4103,2943,0,0,5,20
16384000,16327491,3861046368,88369014,134257615,58058205,64810888,16440507,16440508,5488162,2749465,56509,56509,26819,18750,0,0,5,20
16384000,16327319,3878772062,62093755,94415410,52891733,68584202,16440679,16440680,5488339,2749641,56681,56681,26996,18926,0,0,5,20
16384000,16327521,3940590185,63524660,93152456,54610237,55413872,16440477,16440478,5488316,2749392,56479,56479,26972,18676,0,0,5,20
16384000,16327274,3939524749,67290194,116408552,58325820,71446340,16440724,16440725,5488485,2749717,56726,56726,27142,19002,0,0,5,20
16384000,16327469,3976549443,77655796,87621494,63551186,69172482,16440529,16440530,5488224,2749572,56531,56531,26880,18856,0,0,5,20
16384000,16327456,3917009685,61306470,93844350,52380180,52593210,16440542,16440543,5488203,2749385,56544,56544,26860,18670,0,0,5,20
16384000,16327399,3810366450,60485760,112993200,60647490,67654350,16440599,16440600,5488250,2749394,56601,56601,26907,18679,0,0,5,20
16384000,16327425,3782584251,77013106,91947370,55600289,66051225,16440573,16440574,5488171,2749393,56575,56575,26828,18678,0,0,5,20
16384000,16327076,3846761261,65145979,95480728,53600773,66074865,16440922,16440923,5488532,2749594,56924,56924,27188,18878,0,0,5,20
16384000,16327622,3928236041,89071089,87501054,58338707,72925430,16440376,16440377,5488213,2749340,56378,56378,26869,18624,0,0,5,20
16384000,16327347,3962671289,65969371,92563272,57387226,66809312,16440651,16440652,5488351,2749524,56653,56653,27007,18808,0,0,5,20
16384000,16327738,4043330131,68124075,96073176,57815844,71202401,16440260,16440261,5488017,2749392,56262,56262,26673,18676,0,0,5,20
16384000,16327170,4004544572,66030392,100397065,62977602,67859962,16440828,16440829,5488369,2749527,56830,56830,27026,18812,0,0,5,20
16384000,16327288,3863078154,66705713,99625142,57818807,54821017,16440710,16440711,5488264,2749509,56712,56712,26921,18793,0,0,5,20
16384000,16327390,3855235405,66483275,122748030,62341650,58494870,16440608,16440609,5488215,2749507,56610,56610,26871,18791,0,0,5,20
16384000,16326857,3791194470,109315170,81994590,58490010,55438830,16441141,16441142,5488472,2749549,57143,57143,27128,18833,0,0,5,20
16384000,16327339,3774328529,64808394,121317868,55617667,54723509,16440659,16440660,5488280,2749488,56661,56661,26937,18773,0,0,5,20
16384000,16327452,3947215999,114202106,91179282,62643769,76132920,16440546,16440547,5488162,2749434,56548,56548,26819,18718,0,0,5,20
16384000,16327903,3966107763,67172173,106134462,56272744,71765472,16440095,16440096,5487994,2749366,56097,56097,26650,18651,0,0,5,20
16384000,16327678,4043607404,66991563,104179334,56476122,56240387,16440320,16440321,5488137,2749384,56322,56322,26793,18668,0,0,5,20
16384000,16327178,3944921947,67137691,123174613,65816661,68679704,16440820,16440821,5488504,2749787,56822,56822,27161,19072,0,0,5,20
16384000,16327543,3874372080,72650246,86584420,55046865,66925542,16440455,16440456,5488206,2749437,56457,56457,26863,18722,0,0,5,20
16384000,16327358,3802089573,61471260,94776390,53656470,66048750,16440640,16440641,5488217,2749552,56642,56642,26873,18836,0,0,5,20
16384000,16327145,3780103410,61730190,99690030,61231500,54395460,16440853,16440854,5488369,2749537,56855,56855,27025,18821,0,0,5,20
16384000,16327409,3927600646,63171386,118277680,57962516,57245031,16440589,16440590,5488254,2749490,56591,56591,26910,18774,0,0,5,20
32768000,32418943,8366375987,180926691,259693838,113033453,108214914,33117055,33117056,11087646,5575107,349057,349057,164970,113725,0,0,5,20
32768000,32419759,7989945679,130912290,171016740,115582590,157835250,33116239,33116240,11087216,5574694,348241,348241,164539,113311,0,0,5,20
32768000,32420143,7896063264,175557870,185564520,105274530,105523650,33115855,33115856,11087164,5574491,347857,347857,164488,113109,0,0,5,20
32768000,32420172,8357409393,133878856,308923330,124320915,115445307,33115826,33115827,11087374,5574511,347828,347828,164697,113128,0,0,5,20
32768000,32419653,8544202909,137500290,229832190,129095100,203866740,33116345,33116346,11087288,5574700,348347,348347,164611,113317,0,0,5,20
32768000,32420078,7858712325,136556640,169107840,117083070,141530310,33115920,33115921,11087135,5574478,347922,347922,164459,113096,0,0,5,20
32768000,32419303,7926721231,128860586,212581175,118160905,108005108,33116695,33116696,11087679,5574750,348697,348697,165003,113368,0,0,5,20
32768000,32419818,8501243845,128627438,280849312,134263592,140308020,33116180,33116181,11087251,5575001,348182,348182,164575,113619,0,0,5,20
32768000,32419896,8056725389,138643830,171403830,112136310,102696030,33116102,33116103,11087037,5574590,348104,348104,164360,113207,0,0,5,20
32768000,32419802,7900402180,121518540,265747860,122236290,121543380,33116196,33116197,11087402,5574764,348198,348198,164726,113382,0,0,5,20
32768000,32419832,8215571421,218970203,176465369,117411751,160592704,33116166,33116167,11087522,5574763,348168,348168,164846,113380,0,0,5,20
32768000,32418924,8701498423,132079585,211949755,118441097,103538975,33117074,33117075,11087692,5574986,349076,349076,165015,113604,0,0,5,20
32768000,32420604,7964025058,134198370,256540860,134845560,185619060,33115394,33115395,11086862,5574450,347396,347396,164186,113068,0,0,5,20
32768000,32421625,7847158028,142219703,174976182,114387605,130862095,33114373,33114374,11087048,5574777,346375,346375,164371,113394,0,0,5,20
32768000,32419719,8173979883,138795850,196942115,118385493,119470714,33116279,33116280,11087303,5574929,348281,348281,164627,113547,0,0,5,20
32768000,32420030,8233218860,126239310,251776620,113086260,109176030,33115968,33115969,11087142,5574619,347970,347970,164466,113237,0,0,5,20
32768000,32419097,7905217592,218555280,168646680,113894010,102264300,33116901,33116902,11087514,5574880,348903,348903,164837,113498,0,0,5,20
32768000,32419675,8018000081,132901971,237101426,116413871,110874006,33116323,33116324,11087238,5574627,348325,348325,164561,113245,0,0,5,20
32768000,32420646,8645100697,233724528,176454230,117799826,108471231,33115352,33115353,11087301,5574632,347354,347354,164624,113249,0,0,5,20
32768000,32419554,7903817122,125533170,249944580,109538010,109718550,33116444,33116445,11087431,5574827,348446,348446,164755,113445,0,0,5,20
32768000,32419460,7861213890,197088390,168255568,115850113,109375173,33116538,33116539,11087393,5574670,348540,348540,164717,113288,0,0,5,20
32768000,32419745,8175342744,214478928,229126527,125833310,116308960,33116253,33116254,11087235,5574584,348255,348255,164558,113202,0,0,5,20
32768000,32420478,8476610595,123521760,191204730,110211930,104443020,33115520,33115521,11087080,5574496,347522,347522,164403,113113,0,0,5,20
32768000,32420387,7835024700,203489100,238689000,147378060,142935390,33115611,33115612,11087455,5575036,347613,347613,164778,113653,0,0,5,20
32768000,32419634,8077668881,125600660,246519027,112588135,104462769,33116364,33116365,11087240,5574804,348366,348366,164563,113421,0,0,5,20
65536000,63544501,17609542292,346452176,511864040,228897557,213567967,67527497,67527498,22781781,11555894,1991499,1991499,936437,633178,0,0,5,20
65536000,63545474,17192869536,269169858,396141445,229546582,235596358,67526524,67526525,22780048,11555106,1990526,1990526,934705,632391,0,0,5,20
65536000,63546956,17309798913,438422639,460339561,253322915,242497845,67525042,67525043,22779998,11554585,1989044,1989044,934654,631869,0,0,5,20
65536000,63546624,18418660487,261709920,479150190,215534880,212533110,67525374,67525375,22780036,11554521,1989376,1989376,934692,631804,0,0,5,20
65536000,63543462,16578826835,450843013,376470998,217243186,241509234,67528536,67528537,22782401,11556748,1992538,1992538,937058,634033,0,0,5,20
65536000,63546254,18009549184,265995877,485971862,231601158,223074401,67525744,67525745,22780129,11554197,1989746,1989746,934786,631481,0,0,5,20
65536000,63544878,16877366861,382033170,352451880,207899640,209935890,67527120,67527121,22780827,11555197,1991122,1991122,935484,632482,0,0,5,20
65536000,63544525,16546341561,264040110,510206400,224110800,214563960,67527473,67527474,22780282,11555109,1991475,1991475,934939,632393,0,0,5,20
65536000,63547020,17499894818,394647298,364232868,221914052,222619322,67524978,67524979,22779422,11554449,1988980,1988980,934078,631732,0,0,5,20
65536000,63545918,16518598402,277295259,489357191,227520152,217386333,67526080,67526081,22779687,11554334,1990082,1990082,934344,631618,0,0,5,20
65536000,63546285,17280029370,493843108,383993076,220108885,222200599,67525713,67525714,22780112,11554262,1989715,1989715,934769,631547,0,0,5,20
65536000,63545851,16678431494,332136389,457500871,234940425,245263860,67526147,67526148,22779869,11555162,1990149,1990149,934526,632447,0,0,5,20
65536000,63543111,17005430142,258315480,377044920,225034290,205788420,67528887,67528888,22781389,11555585,1992889,1992889,936045,632869,0,0,5,20
65536000,63545839,16846545229,464383608,385869467,240170157,219519175,67526159,67526160,22780535,11554812,1990161,1990161,935192,632096,0,0,5,20
65536000,63545978,17242707647,547809590,501000836,234728587,213405509,67526020,67526021,22780087,11554906,1990022,1990022,934742,632190,0,0,5,20
65536000,63545829,17127516272,413491052,374303189,246067990,238097132,67526169,67526170,22779885,11554064,1990171,1990171,934541,631348,0,0,5,20
65536000,63544648,17056901641,265774243,611207483,272673228,342232043,67527350,67527351,22781042,11555576,1991352,1991352,935698,632860,0,0,5,20
65536000,63547174,17118308589,405626572,392189497,248885577,235646464,67524824,67524825,22780307,11555023,1988826,1988826,934964,632308,0,0,5,20
65536000,63545212,17024786817,270326930,478095316,247738708,223264906,67526786,67526787,22780280,11555551,1990788,1990788,934936,632835,0,0,5,20
65536000,63545129,17150023063,458954450,371487641,224190088,223781478,67526869,67526870,22780718,11555239,1990871,1990871,935374,632523,0,0,5,20
65536000,63544777,17080333250,271744922,488949468,218271883,220039955,67527221,67527222,22780900,11554812,1991223,1991223,935556,632096,0,0,5,20
65536000,63545763,16992600251,405770983,366108049,240278051,212258297,67526235,67526236,22781286,11555727,1990237,1990237,935942,633011,0,0,5,20
65536000,63547793,16990589589,268562105,611160974,264957835,383474706,67524205,67524206,22779226,11553370,1988207,1988207,933883,630654,0,0,5,20
65536000,63546101,17025526782,402536218,367820212,255293459,210609581,67525897,67525898,22779659,11553917,1989899,1989899,934316,631201,0,0,5,20
65536000,63543564,16971103183,265785443,480182102,227164680,213417052,67528434,67528435,22781567,11555240,1992436,1992436,936223,632524,0,0,5,20
