n,rtSquare,rtCircle,rtCurve,pcSquare,pcCircle,pcCurve
32000,1618569,6369114,2103822207,800023,3168097,1024063999
32000,2066697,6974012,2135678743,992029,3456106,1024063999
32000,1986459,7312034,2103684325,992029,3488107,1024063999
32000,1887395,7092852,2086763809,928027,3520108,1024063999
32000,2089418,8971157,2078792931,1056031,3776116,1024063999
32000,1435118,6823210,2096651626,736021,3456106,1024063999
32000,2379574,7219585,2144022207,1152034,3488107,1024063999
32000,1616902,8015934,2106012067,832024,3424105,1024063999
32000,2210435,7176995,2123321555,1024030,3200098,1024063999
32000,2048835,6757746,2114089306,1024030,3360103,1024063999
32000,1669644,9433168,2105138505,832024,3712114,1024063999
32000,2008731,6665773,2120785862,992029,3232099,1024063999
32000,1905650,7133454,2100285422,896026,3488107,1024063999
32000,1755467,7023242,2055653989,896026,3328102,1024063999
32000,2129541,7663819,2059845301,992029,3616111,1024063999
32000,1977583,7096241,2077475350,960028,3360103,1024063999
32000,1696590,6814607,2055610539,864025,3424105,1024063999
32000,2061299,7605260,2090650337,992029,3488107,1024063999
32000,1946210,6318350,2074626696,960028,3200098,1024063999
32000,1897748,6642857,2068234586,928027,3296101,1024063999
32000,1494105,6779906,2098411481,768022,3424105,1024063999
32000,1986607,8381096,2106583635,1024030,3648112,1024063999
32000,2117713,7049267,2115151756,1056031,3392104,1024063999
32000,1799299,6977275,2110158925,896026,3456106,1024063999
32000,1788867,6843257,2157665781,864025,3232099,1024063999
64000,4021996,21523251,8548182065,1408020,8512131,4096127999
64000,3802050,20184120,8265253091,1792026,9024139,4096127999
64000,4521750,22317164,8426926110,1728025,8960138,4096127999
64000,4365422,20885448,8544016822,1984029,9216142,4096127999
64000,3808541,20703274,8598204445,1728025,8704134,4096127999
64000,4410990,19008900,8430875458,2304034,9408145,4096127999
64000,3490491,21814374,8746580919,1728025,9024139,4096127999
64000,3773096,19958800,8759368676,1664024,8832136,4096127999
64000,4888836,21203491,8667078980,2048030,8640133,4096127999
64000,4956660,17162730,8543610619,2240033,8064124,4096127999
64000,4171587,18898656,8508415330,1984029,8448130,4096127999
64000,4610194,22420383,8868981523,1728025,8320128,4096127999
64000,3459690,24107220,8208671837,1536022,8576132,4096127999
64000,3573540,19622880,8208025619,1600023,9088140,4096127999
64000,4578307,20456302,8635802194,2176032,8576132,4096127999
64000,6896386,24584189,8946081179,1920028,8832136,4096127999
64000,3924540,28101870,8139444480,1920028,8384129,4096127999
64000,5393520,25645500,8378083997,2304034,9216142,4096127999
64000,4531744,21918846,8763628861,1792026,9088140,4096127999
64000,3873334,20226385,8631655842,1472021,9152141,4096127999
64000,3545324,18495035,8360546597,1728025,8512131,4096127999
64000,4246110,20757060,8484726895,1664024,8768135,4096127999
64000,3727847,17773537,8783089619,1856027,8960138,4096127999
64000,6353407,19616974,8334280462,1984029,8832136,4096127999
64000,3270510,18709650,8291984852,1600023,9216142,4096127999
128000,8895960,45937710,34317115198,3456025,22144171,16384255999
128000,8155636,48019959,34408317851,3712027,22272172,16384255999
128000,10051405,46541391,34346301470,4096030,21376165,16384127998
128000,8535284,48926668,34495705724,3968029,21504166,16384255999
128000,12807259,55130688,34774375519,4096030,22784176,16384255999
128000,18377501,54670124,34474113662,4480033,21504166,16384127998
128000,8307833,45635089,34409887554,3968029,22144171,16384255999
128000,6670620,46859850,34438513602,3200023,21760168,16384255999
128000,9002520,50542560,34479645640,3456025,21760168,16384255999
128000,8512650,44474670,34910293292,3840028,21888169,16384255999
128000,10556093,46287720,34340994477,3712027,22144171,16384255999
128000,7898850,42499260,33341209457,3840028,21120163,16384255999
128000,8822808,45589959,33736547928,4096030,21888169,16384255999
128000,9271855,46888775,34734706112,3712027,20480158,16384255999
128000,7823822,49883553,35494171523,3584026,23168179,16384255999
128000,7765488,49235037,35657664688,3328024,21120163,16384255999
128000,8191602,55192569,35783062275,3584026,21632167,16384127998
128000,7849387,50167687,35571911771,3584026,23168179,16384255999
128000,9654393,49713162,35420647464,4096030,22912177,16384255999
128000,10310557,46823150,35330922141,4608034,21632167,16384255999
128000,9984176,46336655,35403231292,4096030,21632167,16384255999
128000,7862130,57827768,35354680882,3584026,21760168,16384127998
128000,10507999,47470607,35475994435,4608034,20736160,16384255999
128000,7516314,45899461,35430277312,3456025,20992162,16384255999
128000,8313884,47491623,35661113514,3968029,22144171,16384255999
256000,23522793,114946114,184,9728036,53760208,0
256000,20784065,122375775,92,9216034,56064217,0
256000,21278361,121115525,184,9216034,55296214,0
256000,15003186,129303430,184,6656024,59392230,0
256000,16813366,117529777,92,7424027,54272210,0
256000,17734660,130886660,184,7680028,57344222,0
256000,18882996,122147816,183,8192030,55296214,0
256000,19842023,133933771,183,7424027,56832220,0
256000,23067150,138632417,183,10240038,58880228,0
256000,23714764,125646990,183,9216034,53504207,0
256000,20002688,125026642,183,7936029,52224202,0
256000,20926735,125846121,184,8704032,54016209,0
256000,14354654,131475150,183,6400023,55552215,0
256000,17592541,130499138,183,7936029,56576219,0
256000,24510005,120652538,184,9984037,54784212,0
256000,20804906,125738613,92,9216034,54784212,0
256000,27692441,145147797,185,8448031,56576219,0
256000,19217493,129304055,186,7936029,55552215,0
256000,22291467,132277502,186,9216034,57344222,0
256000,19342362,139274263,186,7936029,56064217,0
256000,20672256,130849775,186,8448031,54784212,0
256000,24691946,125532245,185,11008041,54784212,0
256000,18772740,137495156,93,8192030,57088221,0
256000,27441112,132996244,186,9472035,55808216,0
256000,20520629,151895060,185,8704032,52992205,0
512000,51136428,335505212,186,19968037,136704265,0
512000,48920372,338028332,93,19456036,141312274,0
512000,43354125,337446352,186,16896031,137216266,0
512000,57407665,339984894,186,23552044,137728267,0
512000,46377650,354053486,186,18432034,145408282,0
512000,44330873,319239705,186,17920033,134656261,0
512000,41111869,340230079,93,17408032,142848277,0
512000,47721758,343955714,186,19456036,139776271,0
512000,50386470,341074340,186,19968037,140800273,0
512000,43342140,320050611,93,17408032,132608257,0
512000,50199259,347945302,93,19456036,143872279,0
512000,71287560,333555898,186,17920033,134144260,0
512000,37681498,326150339,186,15872029,138240268,0
512000,33159637,368513780,92,12800023,133120258,0
512000,57280752,353820007,186,23040043,138752269,0
512000,44158993,330085827,193,18944035,136704265,0
512000,52209399,348400064,193,21504040,139776271,0
512000,46671057,334399479,96,17408032,136704265,0
512000,39672884,348538320,193,14848027,138240268,0
512000,44594420,338059559,192,16896031,134656261,0
512000,51547696,337573687,193,19456036,134144260,0
512000,47146235,334302073,193,18432034,135680263,0
512000,31072577,348247644,192,12288022,143872279,0
512000,48331481,348988158,193,18432034,138752269,0
512000,40566396,342009640,193,16896031,135680263,0
1024000,93607163,907128290,193,36864034,351232341,0
1024000,83918726,944206485,193,31744029,358400348,0
1024000,104426891,887092693,185,40960038,352256342,0
1024000,86058684,844309977,184,34816032,336896327,0
1024000,95950630,877948185,185,36864034,352256342,0
1024000,74351628,858302475,92,30720028,347136337,0
1024000,109632062,810172494,184,40960038,330752321,0
1024000,94232492,889557826,92,37888035,357376347,0
1024000,92042755,856675284,92,34816032,346112336,0
1024000,112384529,883844828,184,46080043,357376347,0
1024000,92644187,895868569,184,36864034,359424349,0
1024000,105597304,862085028,180,40960038,347136337,0
1024000,91631430,868691880,180,38912036,357376347,0
1024000,86629590,883572030,180,36864034,349184339,0
1024000,101407950,909087300,90,40960038,363520353,0
1024000,103584060,871843050,90,41984039,351232341,0
1024000,98620560,852147810,90,39936037,345088335,0
1024000,74821500,807914070,180,29696027,327680318,0
1024000,98326710,885183840,90,38912036,357376347,0
1024000,90812700,906260733,186,37888035,357376347,0
1024000,79748869,882049583,185,31744029,351232341,0
1024000,114412036,939110231,464,45056042,354304344,0
1024000,75441161,869129616,186,30720028,348160338,0
1024000,119545813,851217481,279,47104044,336896327,0
1024000,106848707,846694341,185,43008040,335872326,0
2048000,221558912,2182978032,193,88064041,868352422,0
2048000,209811170,2431827520,193,79872037,931840453,0
2048000,243477180,2378881669,193,83968039,907264441,0
2048000,172231878,2224727734,91,69632032,884736430,0
2048000,229160869,2285872192,274,92160043,915456445,0
2048000,208188680,2181527430,183,86016040,882688429,0
2048000,209004945,2113664161,183,83968039,860160418,0
2048000,226682377,2156680080,180,94208044,888832432,0
2048000,183525390,2203428510,180,77824036,899072437,0
2048000,221414670,2146310203,184,92160043,872448424,0
2048000,233990233,2086119026,185,94208044,837632407,0
2048000,232268937,2211841544,92,92160043,864256420,0
2048000,176422293,2180601467,92,69632032,872448424,0
2048000,184597184,2283404500,196,73728034,864256420,0
2048000,193961145,2390998218,195,73728034,897024436,0
2048000,193754840,2217405111,92,73728034,858112417,0
2048000,215701286,2176278663,182,83968039,870400423,0
2048000,210876622,2189307452,91,86016040,874496425,0
2048000,211848298,2127558685,273,86016040,854016415,0
2048000,203082559,2129593907,180,81920038,860160418,0
2048000,198731520,2284873290,180,79872037,917504446,0
2048000,210916080,2178615960,180,88064041,894976435,0
2048000,163040670,2138874548,186,67584031,878592427,0
2048000,225179186,2272788207,186,90112042,899072437,0
2048000,211070028,2252829172,94,83968039,882688429,0
4096000,465677403,5825735680,195,184320043,2220032540,0
4096000,432857722,5787583257,90,163840038,2310144562,0
4096000,412002875,5691916786,185,167936039,2265088551,0
4096000,474092739,5601285191,92,188416044,2220032540,0
4096000,428225208,5532243137,93,172032040,2191360533,0
4096000,503766601,5802495030,196,204800048,2224128541,0
4096000,468560784,5682383326,90,176128041,2215936539,0
4096000,343202850,5526808380,90,139264032,2244608546,0
4096000,426704400,5435567640,90,176128041,2207744537,0
4096000,407816100,5518613903,183,167936039,2199552535,0
4096000,346833340,5722817697,197,139264032,2211840538,0
4096000,368049502,5601954141,91,139264032,2191360533,0
4096000,430369163,5570665340,453,172032040,2256896549,0
4096000,465039586,5501925952,90,188416044,2236416544,0
4096000,410093910,5531589403,184,167936039,2232320543,0
4096000,359124975,5765835257,200,143360033,2224128541,0
4096000,370292322,5684209738,180,131072030,2232320543,0
4096000,378389250,5249723400,90,155648036,2142208521,0
4096000,420100110,5383015869,180,167936039,2191360533,0
4096000,415131210,5566217255,185,167936039,2236416544,0
4096000,490438395,5757934999,200,196608046,2252800548,0
4096000,362096718,5565035342,93,135168031,2125824517,0
4096000,427206998,5520888709,181,167936039,2232320543,0
4096000,391167271,5403437243,180,163840038,2187264532,0
4096000,370823670,5551376223,185,151552035,2224128541,0
8192000,1028525059,14473562702,180,401408047,5636096686,0
8192000,951374340,13560496797,185,385024045,5505024670,0
8192000,882248620,15647036273,90,352256041,5824512709,0
8192000,1064726389,15105716263,93,393216046,5726208697,0
8192000,1079447273,14683623017,180,385024045,5455872664,0
8192000,864328500,14302446211,185,327680038,5455872664,0
8192000,947645593,15440356000,180,352256041,5701632694,0
8192000,917030700,14569388518,93,360448042,5636096686,0
8192000,756655442,15317771107,270,303104035,5701632694,0
8192000,751057470,15081983754,93,286720033,5595136681,0
8192000,1008903584,14685605372,180,393216046,5595136681,0
8192000,756131670,13972917858,185,294912034,5521408672,0
8192000,831460556,14738651436,270,319488037,5595136681,0
8192000,923239620,13864507338,277,376832044,5562368677,0
8192000,903024988,14635663716,180,352256041,5586944680,0
8192000,911230290,14494747460,185,352256041,5758976701,0
8192000,906426025,14761032032,180,352256041,5644288687,0
8192000,988964460,14307908626,275,401408047,5734400698,0
8192000,928209705,14647337335,180,360448042,5595136681,0
8192000,687698910,13981242021,274,278528032,5644288687,0
8192000,922183491,14662824716,93,368640043,5570560678,0
8192000,891273207,14168738496,93,352256041,5562368677,0
8192000,797085929,14329911735,180,311296036,5578752679,0
8192000,885878280,13777212960,180,360448042,5570560678,0
8192000,879098613,14425738377,287,335872039,5611520683,0
16384000,1728965460,36441069808,185,688128040,14368768875,0
16384000,1799404791,35662043280,184,720896042,14024704854,0
16384000,1605927876,35625317427,184,638976037,14024704854,0
16384000,2116122157,36344342875,185,835584049,14286848870,0
16384000,1941616683,35321411960,185,770048045,13926400848,0
16384000,2076497939,36224369811,185,819200048,14139392861,0
16384000,1874230261,35193531209,184,737280043,13877248845,0
16384000,1867772574,36132661170,185,737280043,14221312866,0
16384000,1680168538,36311409040,278,655360038,14041088855,0
16384000,1949275672,37139464767,184,737280043,13844480843,0
16384000,2052241014,37357900250,462,770048045,14057472856,0
16384000,1738455538,37927964667,183,655360038,14417920878,0
16384000,2008803556,36408153289,93,786432046,13860864844,0
16384000,1924560206,36930126763,193,737280043,14319616872,0
16384000,2083383861,35979557309,183,802816047,14172160863,0
16384000,1926597605,36193574325,180,753664044,14270464869,0
16384000,1396774170,35290078802,93,573440033,13762560838,0
16384000,1911019492,36192211685,279,753664044,14270464869,0
16384000,2005938440,36107017213,277,753664044,14254080868,0
16384000,1893517245,36015683518,180,753664044,14188544864,0
16384000,1823382670,35359284661,180,737280043,13926400848,0
16384000,1771455060,36624686084,185,720896042,14434304879,0
16384000,1957296838,35482118561,200,770048045,14041088855,0
16384000,1975818785,35923546700,185,720896042,14204928865,0
16384000,2037513150,35346733679,180,819200048,13942784849,0
